Number of Reads,60451116
Reads With Valid Barcodes,0.984282
Sequencing Saturation,0.528855
Q30 Bases in CB+UMI,0.979312
Q30 Bases in RNA read,0.733402
Reads Mapped to Genome: Unique+Multiple,0.941813
Reads Mapped to Genome: Unique,0.806943
Reads Mapped to Transcriptome: Unique+Multipe Genes,0.700771
Reads Mapped to Transcriptome: Unique Genes,0.679577
Estimated Number of Cells,4099
Reads in Cells Mapped to Unique Genes,31015356
Fraction of Reads in Cells,0.754977
Mean Reads per Cell,7566
Median Reads per Cell,6309
UMIs in Cells,14235502
Mean UMI per Cell,3472
Median UMI per Cell,2931
Mean Genes per Cell,1635
Median Genes per Cell,1574
Total Genes Detected,17545
